Blocks_of_Tastants.thisRepN,Blocks_of_Tastants.thisTrialN,Blocks_of_Tastants.thisN,Blocks_of_Tastants.thisIndex,Each_Tastant_Once.thisRepN,Each_Tastant_Once.thisTrialN,Each_Tastant_Once.thisN,Each_Tastant_Once.thisIndex,connecting_message.started,sync_beep_1.started,p_port.started,p_port.stopped,sync_beep_1.stopped,sync_beep_2.started,sync_beep_3.started,sync_beep_3.stopped,baseline.started,p_port_2.started,p_port_2.stopped,baseline.stopped,p_port_3.started,cross.started,p_port_4.started,p_port_4.stopped,p_port_5.started,cross.stopped,instructions.started,spacebar_hit.started,p_port_6.started,p_port_6.stopped,spacebar_hit.keys,spacebar_hit.rt,grab_cup.started,key_resp.started,p_port_7.started,p_port_7.stopped,key_resp.keys,key_resp.rt,taste_sound_1.started,p_port_8.started,p_port_8.stopped,taste_sound_1.stopped,taste_sound_2.started,taste_sound_2.stopped,taste_sound_3.started,taste_sound_3.stopped,Roll_liquid_taste.started,Roll_liquid_taste.stopped,spit_text.started,spit_sound.started,p_port_9.started,p_port_9.stopped,spit_sound.stopped,spit_text.stopped,screen_clear.started,screen_clear.stopped,Rinse_text.started,p_port_10.started,p_port_10.stopped,Rinse_text.stopped,Begin_Rinse.started,p_port_11.started,p_port_11.stopped,Begin_Rinse.stopped,Finish_rinse.started,Rinse_Spit.started,p_port_12.started,p_port_12.stopped,Finish_rinse.stopped,Palatability_Score.started,p_port_17.started,p_port_17.stopped,Palatability_Score.response,Palatability_Score.rt,rest_text.started,p_port_13.started,p_port_13.stopped,rest_text.stopped,p_port_14.started,Rinse_Spit.stopped,p_port_14.stopped,break_text.started,p_port_15.started,p_port_15.stopped,break_text.stopped,p_port_16.started,p_port_5.stopped,p_port_16.stopped,p_port_3.stopped,participant,session,date,expName,psychopyVersion,frameRate,
0,0,0,0,0,0,0,0,16.186237599991728,16.303202330012574,0.00245049997465685,0.09868579998146743,16.56953470001463,16.786405829997967,17.286530630016934,17.552955200022552,17.552955200022552,0.0014680000022053719,0.09875289996853098,37.55291399999987,20.03215389995603,37.686368599999696,0.0335641999845393,0.13235720002558082,6.015505600022152,43.70297560002655,43.76961850002408,43.76961850002408,0.015591700037475675,0.11543870001332834,space,3.1697527999640442,47.002916100027505,47.002916100027505,4.8499961849302053e-05,0.11433949996717274,9,8.55205970001407,55.61956042999518,0.0021910000359639525,0.0975987000274472,55.91956230002688,56.41954383003176,56.71955209999578,57.20279373000958,57.5194883000222,57.602934600028675,65.61957780004013,65.61957780004013,65.61950513003976,0.0015632000286132097,0.09765850001713261,66.63611780002248,67.63620770000853,67.80313220003154,68.30287860002136,74.30287430004682,6.0142794999992475,6.1143137000035495,80.30287250003312,80.50282123003271,12.214208399993367,12.3141988000134,81.51949810003862,105.31943483003997,105.31948130001547,37.03088799997931,37.1306449000258,106.33597170002759,108.33602270000847,0.017472899984568357,0.1142717000329867,3.0,4.2645910999854095,112.636361700017,0.0008726000087335706,0.09784820000641048,142.63608120003482,30.031018700043205,,,,,,,,,,,667,Gustatory,2024-02-12_11h37.55.756,Gustatory_Condition_v2,2022.2.5,29.97371005587646,
0,0,0,0,1,0,1,0,,,,,,,,,,,,,,142.76940340001602,0.031739700061734766,0.13096240005688742,6.03103250003187,148.76936630002456,148.86924770002952,148.86924770002952,0.031144400069024414,0.1310089000617154,space,0.4864467000006698,149.4027178999968,149.4027178999968,3.100000321865082e-05,0.09800880000693724,9,2.1437749000033364,151.58602432999177,0.0020438999636098742,0.09805279999272898,151.88594250002643,152.36922933003515,152.66924890002701,153.16563192998873,,153.58604339999147,,161.58579820004525,161.6024451299978,0.01524569996399805,0.11484019999625161,162.61929240002064,163.58600390003994,163.76918000000296,164.2693421000149,170.26935010001762,6.014843699987978,6.114747099985834,176.28597760002594,176.46917013002675,12.214642199978698,12.298122599953786,177.46922240004642,201.26914833002374,201.2692412000033,37.01473989995429,37.11465799994767,202.26912720000837,204.26910120004322,0.014551499974913895,0.11451809998834506,3.0,1.7306175999692641,206.03621540003223,0.0004936999757774174,0.09920459997374564,236.03580390004208,29.99903909995919,204.26910120004322,30.099005899974145,,,,,,,,,667,Gustatory,2024-02-12_11h37.55.756,Gustatory_Condition_v2,2022.2.5,29.97371005587646,
0,0,0,0,2,0,2,0,,,,,,,,,,,,,,236.13581700000213,0.00034610001603141427,0.09903320000739768,6.015684199985117,242.15245700004743,242.2525072999997,242.2525072999997,0.015782400034368038,0.11562730005243793,space,2.094278700009454,244.38579670002218,244.38579670002218,2.9499991796910763e-05,0.09854279999854043,9,1.5294215999892913,245.9524798300059,0.0018470999784767628,0.09805189998587593,246.26910570001928,246.75245273002074,247.06909609999275,247.5524017300282,247.8691894999938,247.9358099999954,255.9357580000069,255.9357580000069,255.93584313004393,0.014754100004211068,0.11471409996738657,256.9359107000055,257.95261730003403,258.15248200000497,,264.63576130004367,6.014712199976202,6.114622799970675,270.6357273000176,270.85234853001896,12.231267699971795,12.33127169997897,271.86903800000437,295.6318243300135,295.61524690000806,37.01057729998138,37.094067099969834,296.65230070002144,298.6355129000149,0.014427099958993495,0.11487379996106029,3.0,1.997124999994412,300.6693754000007,0.000868900038767606,0.09800220001488924,330.685548700043,30.01431220001541,298.6355129000149,,,,,,,,,,667,Gustatory,2024-02-12_11h37.55.756,Gustatory_Condition_v2,2022.2.5,29.97371005587646,
0,0,0,0,3,0,3,0,,,,,,,,,,,,,,330.8021815000102,0.0317231000517495,0.13098530005663633,6.014275500026997,336.81894170003943,336.8855045000091,336.8855045000091,0.014431500050704926,0.11425290006445721,space,3.461832400003914,340.3854796999949,340.3854796999949,5.490001058205962e-05,0.09787509997840971,9,2.041666399978567,342.46880283002395,0.0020141000277362764,0.09792560001369566,342.76873040001374,343.2520850300149,343.5687373999972,344.0519920299936,344.3687735000276,344.4521331000142,352.4687847000314,352.4687847000314,352.4687188300246,0.0006926999776624143,0.09783769998466596,353.4686853000312,354.468808500038,354.6687749000266,355.1688063000329,361.152090699994,6.01454589999048,6.114659100014251,367.1521860000212,367.352053430042,12.214508300006855,12.314470899989828,368.36873660003766,392.1519812300045,392.152001200011,37.01447240001289,37.11437049997039,393.1686500000069,395.16876090003643,0.0011964999721385539,0.09763590001966804,3.0,3.8972907999996096,399.1019524000003,0.00033469998743385077,0.09936860000016168,429.11849960003747,30.016186100023333,395.16876090003643,,,,,,,,,,667,Gustatory,2024-02-12_11h37.55.756,Gustatory_Condition_v2,2022.2.5,29.97371005587646,
0,0,0,0,4,0,4,0,,,,,,,,,,,,,,429.2184796000365,0.01688140002079308,0.116239300055895,6.016167000052519,435.2185024000355,435.3184518000344,435.3184518000344,0.016378500033169985,0.11610520008252934,space,1.476691199990455,436.8516112000216,436.8516112000216,4.2499974370002747e-05,0.09825949999503791,9,0.9907817000057548,437.902006730024,0.0022936000023037195,0.09764349996112287,438.2183156000101,438.6850632300426,438.9850543999928,439.48509403003266,439.78495120001025,439.88535689999117,447.8850831000018,447.8850831000018,447.8850666300219,0.014329199970234185,0.11452619999181479,448.8850658000447,449.8850733000436,450.0850685000187,450.58502640004735,456.5850570000475,6.014292599982582,6.114270999969449,462.58507299999474,462.784879330016,12.2141025000019,12.314238099963404,463.78493650001474,487.5847420300066,487.5681051000138,37.01396549999481,37.114078099955805,488.60211450001225,490.6014472999959,0.03063799999654293,0.13057559996377677,3.0,1.9641385999857448,492.5684665000299,0.0009439999703317881,0.09838679997483268,522.5849409000366,30.01483180001378,490.5681830000249,,,,,,,,,,667,Gustatory,2024-02-12_11h37.55.756,Gustatory_Condition_v2,2022.2.5,29.97371005587646,
0,0,0,0,,,,,,,,,,,,,,,,,,,,,,,,,,,,,,,,,,,,,,,,,,,,,,,,,,,,,,,,,,,,,,,,,,,,,,,,,,,,,,522.6847763000405,0.01501149998512119,0.114805500023067,552.7013698000228,30.031351800018456,,,,667,Gustatory,2024-02-12_11h37.55.756,Gustatory_Condition_v2,2022.2.5,29.97371005587646,
1,0,1,0,0,0,0,0,,,,,,,,,552.8013160999981,0.03431890002684668,0.13133460003882647,572.8179175000405,20.014565200021025,572.8845929999952,0.016081100038718432,0.11457270005485043,6.014371500059497,578.8677914,578.9679135000333,578.9679135000333,0.031986000074539334,0.13125240005319938,space,2.4108311999589205,581.417882400041,581.417882400041,3.809999907389283e-05,0.09811060002539307,9,1.0086767000029795,582.484559230035,0.002377199998591095,0.0978324000025168,582.8012359000277,583.2845130300208,583.6012310000369,584.0676844300411,,584.467898700037,592.4845133000053,592.4845133000053,592.4844830300368,0.001360700000077486,0.09788890002528206,593.5011846999987,594.5012658000342,594.6678014000063,595.1678206000361,601.1845039000036,6.031200500030536,6.131129199988209,607.2011050000438,607.3677745300171,12.214430099993479,12.314394899993204,608.3678869000287,632.1676179300354,632.1676616000477,37.01432850002311,37.11433519999264,633.1842184000416,635.1675420000101,0.014163299987558275,0.11419649998424575,3.0,1.6639256000053138,636.8678864000249,0.0008053999627009034,0.09755319997202605,666.8675151999923,30.031083899957594,635.1675420000101,,,,,,,6.097774500085507,,,667,Gustatory,2024-02-12_11h37.55.756,Gustatory_Condition_v2,2022.2.5,29.97371005587646,
1,0,1,0,1,0,1,0,,,,,,,,,,,,,,666.9843163000187,0.014735299977473915,0.11417810001876205,6.030747200013138,673.0008140000282,673.0841653000098,673.0841653000098,0.014296500012278557,0.11410770000657067,space,2.3908779000048526,675.5341217000387,675.5341217000387,1.4699995517730713e-05,0.09936300001572818,9,0.5649713999591768,676.1341999299999,0.0022154999896883965,0.09776219999184832,676.4508096000063,676.9176297300088,677.2174451000174,677.7341326300462,678.0509362000157,678.1175041000242,686.1174662000267,686.1174662000267,686.1174647300446,0.014463800005614758,0.11440700001548976,687.1174206000287,688.1174523000373,688.3174399000127,688.8174620000063,694.8173945000162,6.014375799975824,6.114358399994671,700.8174269000301,701.0173629299912,12.21435249998467,12.314361799973994,,725.8172631300346,725.817300499999,37.01427499996498,37.1308973999694,,728.8337699000258,0.0011191999656148255,0.09741839999333024,3.0,7.347441099991556,736.2172864000313,0.00047010002890601754,0.0991733000264503,766.2340258000186,30.015957900031935,728.8337699000258,,,,,,,,,,667,Gustatory,2024-02-12_11h37.55.756,Gustatory_Condition_v2,2022.2.5,29.97371005587646,
1,0,1,0,2,0,2,0,,,,,,,,,,,,,,766.3337696000235,0.016452800016850233,0.11572160001378506,6.015703700017184,772.3337564000394,772.4337685999926,772.4337685999926,0.01578090008115396,0.11570260004373267,space,1.5772431999794208,774.0670563000022,774.0670563000022,4.190002800896764e-05,0.09787980001419783,9,0.34337980003328994,774.45042033004,0.0022017000010237098,0.09775070002069697,774.7503673000028,775.2336854300171,775.5504103000276,776.0337039300299,776.3503702000016,776.450411400001,784.4503908000188,784.4503908000188,784.4502208300343,0.00012500002048909664,0.09768339997390285,785.4503221000195,786.4505586000159,786.6169703000342,787.1336889000377,793.1337087000138,6.014431199990213,6.114295799983665,799.1503291000263,799.3335890300165,12.214291599986609,12.330963799962774,800.3503477000049,824.150173530035,824.1501764000277,37.030904999992345,37.13084569998318,825.150182900019,827.1668020000216,0.017211199970915914,0.11404559999937192,3.0,4.097964500018861,831.3001376000466,0.0010697999969124794,0.09727329999441281,861.3000142000383,30.030446799995843,,,,,,,,,,,667,Gustatory,2024-02-12_11h37.55.756,Gustatory_Condition_v2,2022.2.5,29.97371005587646,
1,0,1,0,3,0,3,0,,,,,,,,,,,,,,861.4333793999976,0.03103250003186986,0.13039550004759803,6.030413500033319,867.433344900026,867.5333500000415,867.5333500000415,0.03063210006803274,0.13035830005537719,space,7.437371699954383,875.016533499991,875.016533499991,4.090002039447427e-05,0.09798479999881238,9,0.4182583999936469,875.4833407300117,0.0021539999870583415,0.0978088999981992,875.7999341000104,876.2666028300242,876.5666063000099,877.0664451300341,877.3665937000187,877.483325600042,885.4832279999973,885.4832279999973,885.4832803300175,0.00102090003201738,0.09773710003355518,886.500017000013,887.4998900000355,887.6666025000159,888.1666111000231,894.1665943000116,6.014510600012727,6.114405300002545,900.1665382999927,900.3665438300173,12.214381400030106,12.314348799991421,901.3664201000356,925.1664221300103,925.1664465999929,37.01437029999215,37.11432849999983,,928.1662843000377,0.014144100015982985,0.11410990002332255,3.0,6.897828400018625,935.0997056000051,0.0013029000256210566,0.09744649997446686,965.0995970999938,30.03070730000036,928.1662843000377,,,,,,,,,,667,Gustatory,2024-02-12_11h37.55.756,Gustatory_Condition_v2,2022.2.5,29.97371005587646,
1,0,1,0,4,0,4,0,,,,,,,,,,,,,,965.2162513000076,0.014806899998802692,0.1139606999931857,6.030603300023358,971.2328902000445,971.3328665000154,971.3328665000154,0.030858600046485662,0.13061450002714992,space,1.2615502999979071,972.6328984000138,972.6328984000138,3.609998384490609e-05,0.09806170000229031,9,0.458180200017523,973.1328738300305,0.001880299998447299,0.0980950000230223,973.449507500045,973.9160646300239,974.2161158000235,974.7328659300052,975.0495929000317,975.1162883000216,983.1328521000105,983.1328521000105,983.1328075299913,0.0011869000154547393,0.09814040001947433,984.1494638000149,985.1494864000124,985.316261400003,985.816140400013,991.8161189000239,6.0147532999981195,6.114475400012452,997.8327512000105,998.016159030021,12.214694799971767,12.314652599976398,999.0161963000428,1022.8326026300143,1022.8327777000377,37.03149690001737,37.13122799998382,1023.849288700032,1025.8491641000146,0.018097500025760382,0.11440269998274744,3.0,3.197345199994743,1029.0826050000032,0.0007700000423938036,0.0985657999990508,1059.0991433000308,30.014976900012698,,,,,,,,,,,667,Gustatory,2024-02-12_11h37.55.756,Gustatory_Condition_v2,2022.2.5,29.97371005587646,
1,0,1,0,,,,,,,,,,,,,,,,,,,,,,,,,,,,,,,,,,,,,,,,,,,,,,,,,,,,,,,,,,,,,,,,,,,,,,,,,,,,,,1059.1991479000426,0.015136400063056499,0.1149608000414446,1089.2156920999987,30.031573300017044,,,,667,Gustatory,2024-02-12_11h37.55.756,Gustatory_Condition_v2,2022.2.5,29.97371005587646,
2,0,2,0,0,0,0,0,,,,,,,,,1089.3156816000119,0.03429350006626919,0.1315054000588134,1109.332366799994,20.014746500062756,1109.3989644999965,0.016656100109685212,0.1147761000902392,6.014856800087728,1115.3990945999976,1115.482049400045,1115.482049400045,0.01463700010208413,0.09805310011142865,space,2.992235600017011,1118.5156264000107,1118.5156264000107,4.449998959898949e-05,0.09774499997729436,9,0.17483410000568256,1118.74898713,0.0020984000293537974,0.09753560001263395,1119.0488041000208,1119.549022130022,1119.848890000023,1120.3321665300114,1120.6488693000283,1120.7322179000475,1128.7488280000398,1128.7488280000398,1128.7488287300162,0.0008364000241272151,0.09768659999826923,1129.7487761999946,1130.7655016999925,1130.9321113000042,1131.4488367000013,1137.448773900047,6.030835499987006,6.130790299968794,1143.4654464999912,1143.6320604300067,12.214083899976686,12.3141380000161,1144.6487277999986,1168.4319723300227,1168.4319691000273,37.01403389999177,37.114018599968404,1169.4486200000392,1171.448580700031,0.0008743999642319977,0.0973674000124447,3.0,2.9642706000013277,1174.4490015000338,0.0004965000553056598,0.09951800003182143,1204.4484754000441,29.99915270000929,1171.448580700031,30.099181600031443,,,,,,,,,667,Gustatory,2024-02-12_11h37.55.756,Gustatory_Condition_v2,2022.2.5,29.97371005587646,
2,0,2,0,1,0,1,0,,,,,,,,,,,,,,1204.5485177999944,0.0007214000797830522,0.09912090003490448,6.0157572000753134,1210.5651598999975,1210.6651043000165,1210.6651043000165,0.015724800061434507,0.11572080006590113,space,2.449361899984069,1213.148447500018,1213.148447500018,5.989999044686556e-05,0.09771040000487119,9,0.13440679997438565,1213.3484446300367,0.002072200004477054,0.0982003000099212,1213.6484099000227,1214.1317096300131,1214.448418600019,1214.9317489300097,1215.2484828000306,1215.3484255000367,,1223.3651394000044,1223.365041030041,0.017192900006193668,0.11470730003202334,1224.381762300036,1225.3817398000392,1225.548382500012,,1232.048365900002,6.031393699988257,6.131312999990769,1238.064984800003,1238.2318286300228,12.214854800025932,12.314604300016072,1239.2484736000188,1263.031452329998,1263.0316183000105,37.0145958000212,37.11450490000425,1264.048265599995,1266.0314358000178,0.014373400015756488,0.11462140001822263,3.0,2.63074630004121,1268.698487400019,0.0007981999660842121,0.09944199997698888,1298.6812283000327,30.015724700002465,1266.0314358000178,30.098862899991218,,,,,,,,,667,Gustatory,2024-02-12_11h37.55.756,Gustatory_Condition_v2,2022.2.5,29.97371005587646,
2,0,2,0,2,0,2,0,,,,,,,,,,,,,,1298.7812388000311,-0.0008461999823339283,0.08226940000895411,5.999173999996856,1304.798035200045,1304.898078600003,1304.898078600003,8.680002065375447e-05,0.09917820000555366,space,3.8720705999876373,1308.8313944000402,1308.8313944000402,5.809997674077749e-05,0.09784809994744137,9,2.931249899964314,1311.7979951300017,0.0024349999730475247,0.09798249998129904,1312.098059400043,1312.5811858299944,1312.897985000047,1313.3979913300077,1313.6981085000443,1313.7813504000078,1321.781269100029,1321.781269100029,1321.7812931300082,0.014647399948444217,0.11458319996017963,1322.7979741000454,1323.7979895000462,1323.981274700025,1324.4812473999918,1330.4980421999935,6.0313824999611825,6.131290199933574,1336.5145968000288,1336.681442530005,12.21464099996956,12.314525899942964,1337.6979994000285,1361.4977753300277,1361.4978643000359,37.03121599997394,37.131109199952334,,1364.5143498000107,0.017529299948364496,0.1143748999456875,3.0,10.764842899981886,1375.314450100006,0.0004933999734930694,0.0991855000029318,1405.3142548000324,29.99904099997366,,30.099025800009258,,,,,,6.099286500015296,,,667,Gustatory,2024-02-12_11h37.55.756,Gustatory_Condition_v2,2022.2.5,29.97371005587646,
2,0,2,0,3,0,3,0,,,,,,,,,,,,,,1405.4142488000216,0.0004319000290706754,0.09899980004411191,6.032487300049979,1411.4143283000449,1411.547610300011,1411.547610300011,0.032425700046587735,0.13230740005383268,space,3.3265979000134394,1414.914231600007,1414.914231600007,4.310003714635968e-05,0.0973937000380829,9,2.4082758000004105,1417.3808580299897,0.0016834000125527382,0.09791150002274662,1417.6975158000132,1418.1640730299928,1418.480837900017,1418.964163130027,1419.280831000011,1419.3808838000405,,1427.3974692000193,1427.3974488300096,0.01727400004165247,0.11456620000535622,1428.397403000039,1429.4141231999965,1429.563922100002,1430.0639139999985,1436.0641151000164,6.014559600036591,6.114623100031167,1442.0472213000176,1442.2639857300032,12.214342000021134,12.297506500035524,1443.2806124000344,1467.063754730037,1467.0471609000233,37.01405540003907,37.09388719999697,1468.0806151000434,1470.0805201000185,0.030894200026523322,0.1270739000174217,3.0,3.999909400008619,1474.080554699991,0.0003418999840505421,0.09807170002022758,1504.0635320000001,30.014653099991847,1470.047086400038,30.098000400001183,,,,,,,,,667,Gustatory,2024-02-12_11h37.55.756,Gustatory_Condition_v2,2022.2.5,29.97371005587646,
2,0,2,0,4,0,4,0,,,,,,,,,,,,,,1504.163540700043,0.014668399991933256,0.09796720003942028,6.014655800012406,1510.1635582000017,1510.2635299999965,1510.2635299999965,0.014903200033586472,0.11466060002567247,space,1.5554782000253908,1511.846858200035,1511.846858200035,2.19999928958714e-05,0.09591189998900518,9,3.435462999972515,1515.3264986300433,0.000881300016772002,0.08272160001797602,1515.6302023000317,1516.097007530037,1516.3969017000054,1516.8970715299888,1517.1931446000235,1517.276707800047,1525.259820700041,1525.2765576000093,1525.2931306300393,-0.0006680000224150717,0.08627480000723153,1526.2969587999978,1527.2597140000435,1527.4801416000118,1527.9801061000326,1533.9800626999931,6.002918899990618,6.08647939999355,1539.9800272000139,1540.1966589300368,12.199275999970268,12.28275879996363,1541.1930360000115,1564.9966659300203,1564.9801378000411,37.002956599986646,37.08622880000621,1565.9966021000291,1567.9966351999901,0.002846699964720756,0.10297409998020157,3.0,2.4833630000357516,1570.4966064000037,0.00035640003625303507,0.09904719999758527,1600.4797683000215,30.015610000002198,1567.9632331000175,,,,,,,6.0979496000218205,,,667,Gustatory,2024-02-12_11h37.55.756,Gustatory_Condition_v2,2022.2.5,29.97371005587646,
2,0,2,0,,,,,,,,,,,,,,,,,,,,,,,,,,,,,,,,,,,,,,,,,,,,,,,,,,,,,,,,,,,,,,,,,,,,,,,,,,,,,,1600.5928301000386,0.012164400017354637,0.09522180003114045,1630.5795377000468,30.015370700042695,,30.098705900018103,,667,Gustatory,2024-02-12_11h37.55.756,Gustatory_Condition_v2,2022.2.5,29.97371005587646,
3,0,3,0,0,0,0,0,,,,,,,,,1630.6964201999945,-0.0002815999323502183,0.11176710005383939,1650.6794557000394,20.01530690008076,1650.7963864000048,-0.0005202998872846365,0.09866350010270253,6.011699300084729,1656.7925456000376,1656.8794372000266,1656.8794372000266,0.015482100134249777,0.0986223000800237,space,2.002650899987202,1658.9297487000003,1658.9297487000003,1.729995710775256e-05,0.09908849996281788,9,1.5203216000227258,1660.4924268299887,0.0010302999871782959,0.08605069998884574,1660.796188600012,1661.2627235299965,1661.5793753000326,1662.075812329998,1662.3794069000287,1662.4461193000316,1670.429325300036,1670.4459958000225,1670.4626352300343,0.002732600027229637,0.0991057000355795,1671.4793767000083,1672.4294001000235,1672.6424619000172,1673.1256557000452,1679.1590781999985,5.999077900021803,6.082297299988568,1685.1459104000241,1685.375611530029,12.2025883999886,12.285874900000636,1686.3794711999944,1710.1754837300336,1710.1588383000344,37.015439399983734,37.09877739998046,1711.1754741000477,1713.1626494000084,0.0027513999957591295,0.10244310001144186,3.0,2.9997143000364304,1716.1958189000143,0.0006132000125944614,0.09832400002051145,1746.1955537000322,30.011172000027727,1713.1626494000084,30.098123600007966,,,,,,6.094925400102511,,20.098601900041103,667,Gustatory,2024-02-12_11h37.55.756,Gustatory_Condition_v2,2022.2.5,29.97371005587646,
3,0,3,0,1,0,1,0,,,,,,,,,,,,,,1746.2788728000014,0.014806700055487454,0.09812420001253486,6.0111914000008255,1752.2752399000456,1752.3754501999938,1752.3754501999938,0.011568700079806149,0.09824510006001219,space,2.5070423999568447,1754.9289658000343,1754.9289658000343,1.650000922381878e-05,0.09950399998342618,9,2.0737423000391573,1757.0417902300192,0.0006445000180974603,0.08656890003476292,1757.3419569000253,1757.812243529997,1758.1288343000342,1758.6121416300243,1758.9288661000319,1758.9919185999897,1766.9787227000343,1766.9953942000284,1767.0120326300325,0.003057599999010563,0.08280080003896728,1768.0288617000333,1768.9787480999948,1769.1969167999923,1769.695543800015,1775.695361900027,6.003069299971685,6.082735000003595,1781.6917943000444,1781.9119723300041,12.203026000002865,12.286360399972182,1782.928680800018,1806.7118673300079,1806.6952144000097,37.00290510000195,37.086260100011714,1807.7287649000064,1809.6917769000283,-0.00074819999281317,0.0862362000043504,3.0,8.92003440001281,1818.662050300045,0.0004951999871991575,0.09909679996781051,1848.6449196000467,30.01553370000329,1809.6917769000283,30.09883199998876,,,,,,6.094447900017258,,,667,Gustatory,2024-02-12_11h37.55.756,Gustatory_Condition_v2,2022.2.5,29.97371005587646,
3,0,3,0,2,0,2,0,,,,,,,,,,,,,,1848.7449429000262,-0.0007702999864704907,0.08217840001452714,6.011934100009967,1854.728311700048,1854.8412650999962,1854.8412650999962,0.012080200016498566,0.09883140004239976,space,2.808836499985773,1857.6746829000185,1857.6746829000185,1.680001150816679e-05,0.08279060001950711,9,1.423459500016179,1859.1448683300346,0.0006626999820582569,0.0992846000008285,1859.4579974000226,1859.9115747300034,1860.2282522000023,1860.7248101300152,1861.0282436000416,1861.0948688000208,1869.0781404000008,1869.0947952000424,1869.1114503299991,-0.0006532999686896801,0.09559059998719022,1870.128228400019,1871.078232400003,1871.2947790000471,1871.7948914000299,1877.7948007000377,5.9992545999703,6.082490900007542,1883.7912397999899,1884.0117339300282,12.199168200022541,12.282406600017566,1885.0280697999988,1908.8281028300348,1908.8281322999974,37.01594389998354,37.1159468999831,1909.8282686000457,1911.8279305000324,0.015747700002975762,0.11580759997013956,3.0,4.663731699984055,1916.5284681000048,0.0008892999612726271,0.09790579997934401,1946.5279028000077,30.031051600002684,1911.8279305000324,,,,,,,6.095214399974793,,,667,Gustatory,2024-02-12_11h37.55.756,Gustatory_Condition_v2,2022.2.5,29.97371005587646,
3,0,3,0,3,0,3,0,,,,,,,,,,,,,,1946.6612364000175,0.03176109999185428,0.13097559998277575,6.030944199999794,1952.661222100025,1952.7445085000363,1952.7445085000363,0.014045800024177879,0.11422070005210117,space,2.761953499983065,1955.5447291000164,1955.5447291000164,4.529999569058418e-05,0.09769540000706911,9,0.4497775000054389,1956.0445143300399,0.0025259999674744904,0.09806589997606352,1956.3443764999975,1956.8278276300348,1957.1277658999898,1957.6277206300233,1957.9278355000424,1958.0279763000435,1966.027854999993,1966.027854999993,1966.0278334300324,0.014856499969027936,0.11489339999388903,1967.0611247000052,1968.0278826000285,1968.2278299000463,1968.727792699996,1974.727746699995,6.0147219999926165,6.1147111999453045,1980.744379700045,1980.9276962300005,12.214644999941811,12.3147107999539,1981.9277733000345,2005.7442217300354,2005.7442352999933,37.031215799972415,37.13119059999008,2006.7611432000413,2008.7608804000192,0.017299699946306646,0.11431759997503832,3.0,2.0648824000381865,2010.8611713999999,0.00047990004532039165,0.09935070003848523,2040.8773689999944,30.015657900017686,,,,,,,,,,,667,Gustatory,2024-02-12_11h37.55.756,Gustatory_Condition_v2,2022.2.5,29.97371005587646,
3,0,3,0,4,0,4,0,,,,,,,,,,,,,,2040.9773663000087,0.015874800039455295,0.11564380006166175,6.015616900054738,2046.9774121000082,2047.0774719000328,2047.0774719000328,0.015898600046057254,0.11563740007113665,space,2.908611799997743,2050.0273665999994,2050.0273665999994,5.749997217208147e-05,0.09799599996767938,9,3.3110848999931477,2053.3939390300015,0.0018675999599508941,0.09805969998706132,2053.6938110000337,2054.177228230046,2054.4771923000226,2054.9772607299906,,2055.3772327000042,2063.3772459000465,2063.3772459000465,2063.3772219300095,0.01478939998196438,0.11467929999344051,2064.377132099995,2065.377237500041,2065.5771878000232,2066.077221000043,2072.0771824000403,6.014737699937541,6.114434299990535,2078.0769896000274,2078.293789629993,12.231314099975862,12.331286199972965,2079.293654500041,2103.0769560300337,2103.0770173000055,37.014567099977285,37.11434809997445,2104.0769262000103,2106.0936370000127,-0.00041040003998205066,0.0977879999554716,3.0,3.2657206000294536,2109.3939366000122,0.0007592000183649361,0.09884849999798462,2139.410155599995,30.015002500033006,2106.0936370000127,,,,,,,,,,667,Gustatory,2024-02-12_11h37.55.756,Gustatory_Condition_v2,2022.2.5,29.97371005587646,
3,0,3,0,,,,,,,,,,,,,,,,,,,,,,,,,,,,,,,,,,,,,,,,,,,,,,,,,,,,,,,,,,,,,,,,,,,,,,,,,,,,,,2139.5100949000334,0.015231200028210878,0.11493660003179684,2169.5099502000376,30.014806500053965,,,,667,Gustatory,2024-02-12_11h37.55.756,Gustatory_Condition_v2,2022.2.5,29.97371005587646,
4,0,4,0,0,0,0,0,,,,,,,,,2169.6099066000315,0.01754250004887581,0.11478180007543415,2189.6098051000154,20.01478660007706,2189.7098516999977,0.016172400093637407,0.11471570009598508,6.014621700101998,2195.7098258000333,2195.8097801000113,2195.8097801000113,0.014787400083150715,0.11464290012372658,space,4.35193080001045,2200.209544500045,2200.209544500045,4.850002005696297e-05,0.09768750000512227,9,1.0006463999743573,2201.2431897300353,0.0018262999947182834,0.09739499998977408,2201.5597471999936,2202.0263943300174,,2202.8263098300026,2203.1431090999977,2203.2430574000464,,2211.25971459999,2211.259701030032,0.016829999978654087,0.11405169998761266,2212.259565300017,2213.2600123000448,2213.4266139999963,2213.943013900018,2219.9432421000092,6.030918999982532,6.130595899943728,2225.9596412000246,2226.1263706299883,12.21404709998751,12.313905599992722,2227.126229799993,2250.9427608300407,2250.942804899998,37.0305389999412,37.130407899967395,2251.959515399998,2253.959370800003,0.016937999986112118,0.113749599957373,3.0,4.46453300002031,2258.4597444999963,0.0010162999969907105,0.09799019998172298,2288.475903600047,30.01422679994721,,,,,,,,,,,667,Gustatory,2024-02-12_11h37.55.756,Gustatory_Condition_v2,2022.2.5,29.97371005587646,
4,0,4,0,1,0,1,0,,,,,,,,,,,,,,2288.57621020003,0.014840000018011779,0.11425500002223998,6.014222299971152,2294.5758859000052,2294.6759345000028,2294.6759345000028,0.01427540002623573,0.1141780000180006,space,1.822310200019274,2296.542573500017,2296.542573500017,4.2700034100562334e-05,0.09810240002116188,9,0.995478400029242,2297.575906330015,0.0018846000311896205,0.09818530001211911,2297.8759738000226,2298.37596203002,2298.6757885999978,2299.1592466300294,2299.4591651000082,2299.5591988000087,2307.5592930000275,2307.5592930000275,2307.5591848299896,0.014941300032660365,0.11478589999023825,2308.559152600006,2309.55928700004,2309.742319300014,2310.259236200014,2316.259094200039,6.0147285999846645,6.1147085999837145,2322.259065399994,2322.4591617300116,12.214667299995199,12.31466019997606,2323.475682899996,2347.258892030042,2347.258956100035,37.01459159998922,37.114635000005364,2348.275611400022,2350.2754684000392,0.0017709999810904264,0.0977712000021711,3.0,3.2974373000324704,2353.6089255000115,0.00089490000391379,0.09786939999321476,2383.6253999000182,30.01440610003192,2350.2754684000392,,,,,,,,,,667,Gustatory,2024-02-12_11h37.55.756,Gustatory_Condition_v2,2022.2.5,29.97371005587646,
4,0,4,0,2,0,2,0,,,,,,,,,,,,,,2383.725525100017,0.015059000055771321,0.11432320001767948,6.030982700060122,2389.7420137000154,2389.842042400036,2389.842042400036,0.031052000063937157,0.1310081000556238,space,1.0239685999695212,2390.9087366000167,2390.9087366000167,4.2600033339113e-05,0.09778320003533736,9,0.7658411000156775,2391.7087287300324,0.0018867000471800566,0.09816720004891977,2392.008667599992,2392.5086872299958,2392.808646499994,2393.291954130045,2393.6086945999996,2393.7086986000068,2401.7088381000212,2401.7088381000212,2401.7084874299994,0.00031730002956464887,0.09811920003267005,2402.7085863000248,2403.6918833000236,2403.8920033000177,2404.408795299998,2410.391901099996,6.0147430000361055,6.114685399981681,2416.408695499995,2416.60851263004,12.231325300002936,12.331338900025003,2417.625138500007,2441.391599129996,2441.391781800019,37.01460400002543,37.11452120001195,2442.408496399992,2444.4083205999923,0.0009383999858982861,0.09763129998464137,2.0,1.5646269000135362,2446.008769900014,0.00090970000019297,0.09824540000408888,2476.008196800016,30.031439600046724,2444.4083205999923,,,,,,,,,,667,Gustatory,2024-02-12_11h37.55.756,Gustatory_Condition_v2,2022.2.5,29.97371005587646,
4,0,4,0,3,0,3,0,,,,,,,,,,,,,,2476.1415532000246,0.03217580006457865,0.13142310007242486,6.014811000030022,2482.1581897000433,2482.2249056000146,2482.2249056000146,0.014901900081895292,0.11473270005080849,space,1.8013523999834433,2484.0916575000156,2484.0916575000156,5.219999002292752e-05,0.09814729995559901,9,0.44649559998651966,2484.5915232300117,0.002021099964622408,0.09800639998866245,2484.908162800013,2485.3748199299966,,2486.1748226300056,,2486.5750689000124,2494.5914324999903,2494.5914324999903,2494.591585230018,0.0013982999953441322,0.09795540000777692,2495.6081534000114,2496.60810100002,2496.774926400045,2497.2747690000106,2503.2747508000466,6.0146384999970905,6.11472709994996,2509.274550900038,2509.474636930035,12.214351199974772,12.2977931999485,2510.4745861000265,2534.274413330009,2534.2745678999927,37.01445600000443,37.11428049998358,2535.2912454000325,2537.274529999995,0.01443829998606816,0.1143817999982275,2.0,1.897531800030265,2539.2081627000007,0.0009008999913930893,0.09857239999109879,2569.207738600031,30.0315006999881,2537.274529999995,,,,,,,,,,667,Gustatory,2024-02-12_11h37.55.756,Gustatory_Condition_v2,2022.2.5,29.97371005587646,
4,0,4,0,4,0,4,0,,,,,,,,,,,,,,2569.324458200019,0.015409099985845387,0.11494060000404716,6.031556400004774,2575.340996300045,2575.4410411000135,2575.4410411000135,0.0316037000156939,0.1315208000014536,space,1.7453162999590859,2577.241158000019,2577.241158000019,3.659998765215278e-05,0.09822670003632084,9,1.5605349999968894,2578.8411105300124,0.0019825000199489295,0.09797280002385378,2579.15771140001,2579.624132930004,2579.9410236999975,2580.440966830001,2580.757647200022,2580.824350700015,2588.8409574000398,2588.8409574000398,2588.840908030042,0.0017522000125609338,0.09814550000010058,2589.8576055000303,2590.8575996000436,2591.0242198000196,2591.524305000028,2597.524283100036,6.0146339000202715,6.114602399989963,2603.540894600039,2603.740826430026,12.231228200020269,12.331170699966606,2604.7575484000263,2628.5240135299914,2628.524073800014,37.014457700017374,37.11442800000077,2629.5407247000257,2631.5405805000337,0.0017194999963976443,0.09759269998176023,2.0,1.0636234999983571,2632.641005100042,0.0009526999783702195,0.0979317000019364,2662.6405336000025,30.030960300005972,2631.5405805000337,,,,,,,,,,667,Gustatory,2024-02-12_11h37.55.756,Gustatory_Condition_v2,2022.2.5,29.97371005587646,
4,0,4,0,,,,,,,,,,,,,,,,,,,,,,,,,,,,,,,,,,,,,,,,,,,,,,,,,,,,,,,,,,,,,,,,,,,,,,,,,,,,,,2662.773892600031,0.03130790003342554,0.13092900003539398,2692.790529299993,30.01408380002249,,,,667,Gustatory,2024-02-12_11h37.55.756,Gustatory_Condition_v2,2022.2.5,29.97371005587646,
